{
  "Ansi 3 Color" : {
    "Red Component" : 0.98252075910568237,
    "Color Space" : "sRGB",
    "Blue Component" : 0.54997032880783081,
    "Alpha Component" : 1,
    "Green Component" : 0.91054195165634155
  },
  "Tags" : [

  ],
  "Ansi 12 Color" : {
    "Red Component" : 0.95894783735275269,
    "Color Space" : "sRGB",
    "Blue Component" : 0.4501001238822937,
    "Alpha Component" : 1,
    "Green Component" : 0.65928274393081665
  },
  "Ansi 7 Color" : {
    "Red Component" : 0.97230798006057739,
    "Color Space" : "sRGB",
    "Blue Component" : 0.996998131275177,
    "Alpha Component" : 1,
    "Green Component" : 0.96091574430465698
  },
  "Ansi 8 Color" : {
    "Red Component" : 0.48353743553161621,
    "Color Space" : "sRGB",
    "Blue Component" : 0.49507403373718262,
    "Alpha Component" : 1,
    "Green Component" : 0.48013442754745483
  },
  "Bold Color" : {
    "Red Component" : 0.97238987684249878,
    "Color Space" : "sRGB",
    "Blue Component" : 0.99700242280960083,
    "Alpha Component" : 1,
    "Green Component" : 0.95794028043746948
  },
  "Ansi 9 Color" : {
    "Red Component" : 0.94842272996902466,
    "Color Space" : "sRGB",
    "Blue Component" : 0.62088996171951294,
    "Alpha Component" : 1,
    "Green Component" : 0.51692253351211548
  },
  "Ansi 1 Color" : {
    "Red Component" : 0.94842272996902466,
    "Color Space" : "sRGB",
    "Blue Component" : 0.62088996171951294,
    "Alpha Component" : 1,
    "Green Component" : 0.51692253351211548
  },
  "Ansi 2 Color" : {
    "Red Component" : 0.62443840503692627,
    "Color Space" : "sRGB",
    "Blue Component" : 0.65329205989837646,
    "Alpha Component" : 1,
    "Green Component" : 0.85710710287094116
  },
  "Rows" : 30,
  "Default Bookmark" : "No",
  "Cursor Guide Color" : {
    "Red Component" : 0.70213186740875244,
    "Color Space" : "sRGB",
    "Blue Component" : 1,
    "Alpha Component" : 0.25,
    "Green Component" : 0.9268307089805603
  },
  "Non-ASCII Anti Aliased" : true,
  "Use Bright Bold" : true,
  "Ansi 10 Color" : {
    "Red Component" : 0.62443840503692627,
    "Color Space" : "sRGB",
    "Blue Component" : 0.65329205989837646,
    "Alpha Component" : 1,
    "Green Component" : 0.85710710287094116
  },
  "Ambiguous Double Width" : false,
  "Jobs to Ignore" : [
    "rlogin",
    "ssh",
    "slogin",
    "telnet"
  ],
  "Show Status Bar" : true,
  "Ansi 15 Color" : {
    "Red Component" : 0.97230798006057739,
    "Color Space" : "sRGB",
    "Blue Component" : 0.996998131275177,
    "Alpha Component" : 1,
    "Green Component" : 0.96091574430465698
  },
  "Foreground Color" : {
    "Red Component" : 0.97230798006057739,
    "Color Space" : "sRGB",
    "Blue Component" : 0.996998131275177,
    "Alpha Component" : 1,
    "Green Component" : 0.96091574430465698
  },
  "Working Directory" : "\/Users\/nayaabkhan",
  "Blinking Cursor" : false,
  "Disable Window Resizing" : true,
  "Sync Title" : false,
  "Prompt Before Closing 2" : false,
  "BM Growl" : true,
  "Command" : "",
  "Description" : "Default",
  "Smart Cursor Color" : false,
  "Mouse Reporting" : true,
  "Screen" : -1,
  "Selection Color" : {
    "Red Component" : 0.39573386311531067,
    "Color Space" : "sRGB",
    "Blue Component" : 0.39965534210205078,
    "Alpha Component" : 1,
    "Green Component" : 0.387828528881073
  },
  "Columns" : 220,
  "Idle Code" : 0,
  "Ansi 13 Color" : {
    "Red Component" : 0.6367231011390686,
    "Color Space" : "sRGB",
    "Blue Component" : 0.8933296799659729,
    "Alpha Component" : 1,
    "Green Component" : 0.62975537776947021
  },
  "Custom Command" : "No",
  "ASCII Anti Aliased" : true,
  "Non Ascii Font" : "Monaco 12",
  "Vertical Spacing" : 1.1599999999999999,
  "Use Bold Font" : false,
  "Option Key Sends" : 0,
  "Selected Text Color" : {
    "Red Component" : 0.9999966025352478,
    "Color Space" : "sRGB",
    "Blue Component" : 0.99999994039535522,
    "Alpha Component" : 1,
    "Green Component" : 0.99999994039535522
  },
  "Background Color" : {
    "Red Component" : 0.10004464831324068,
    "Color Space" : "sRGB",
    "Blue Component" : 0.10162353515625,
    "Alpha Component" : 1,
    "Green Component" : 0.098519129678606987
  },
  "Character Encoding" : 4,
  "Ansi 11 Color" : {
    "Red Component" : 0.98259574174880981,
    "Color Space" : "sRGB",
    "Blue Component" : 0.54621559381484985,
    "Alpha Component" : 1,
    "Green Component" : 0.90742123126983643
  },
  "Use Italic Font" : true,
  "Unlimited Scrollback" : false,
  "Keyboard Map" : {
    "0xf700-0x260000" : {
      "Text" : "[1;6A",
      "Action" : 10
    },
    "0x37-0x40000" : {
      "Text" : "0x1f",
      "Action" : 11
    },
    "0x32-0x40000" : {
      "Text" : "0x00",
      "Action" : 11
    },
    "0xf709-0x20000" : {
      "Text" : "[17;2~",
      "Action" : 10
    },
    "0xf70c-0x20000" : {
      "Text" : "[20;2~",
      "Action" : 10
    },
    "0xf729-0x20000" : {
      "Text" : "[1;2H",
      "Action" : 10
    },
    "0xf72b-0x40000" : {
      "Text" : "[1;5F",
      "Action" : 10
    },
    "0xf705-0x20000" : {
      "Text" : "[1;2Q",
      "Action" : 10
    },
    "0xf703-0x260000" : {
      "Text" : "[1;6C",
      "Action" : 10
    },
    "0xf700-0x220000" : {
      "Text" : "[1;2A",
      "Action" : 10
    },
    "0xf701-0x280000" : {
      "Text" : "0x1b 0x1b 0x5b 0x42",
      "Action" : 11
    },
    "0x38-0x40000" : {
      "Text" : "0x7f",
      "Action" : 11
    },
    "0x33-0x40000" : {
      "Text" : "0x1b",
      "Action" : 11
    },
    "0xf703-0x220000" : {
      "Text" : "[1;2C",
      "Action" : 10
    },
    "0xf701-0x240000" : {
      "Text" : "[1;5B",
      "Action" : 10
    },
    "0xf70d-0x20000" : {
      "Text" : "[21;2~",
      "Action" : 10
    },
    "0xf702-0x260000" : {
      "Text" : "[1;6D",
      "Action" : 10
    },
    "0xf729-0x40000" : {
      "Text" : "[1;5H",
      "Action" : 10
    },
    "0xf706-0x20000" : {
      "Text" : "[1;2R",
      "Action" : 10
    },
    "0x34-0x40000" : {
      "Text" : "0x1c",
      "Action" : 11
    },
    "0xf700-0x280000" : {
      "Text" : "0x1b 0x1b 0x5b 0x41",
      "Action" : 11
    },
    "0x2d-0x40000" : {
      "Text" : "0x1f",
      "Action" : 11
    },
    "0xf70e-0x20000" : {
      "Text" : "[23;2~",
      "Action" : 10
    },
    "0xf702-0x220000" : {
      "Text" : "[1;2D",
      "Action" : 10
    },
    "0xf703-0x280000" : {
      "Text" : "0x1b 0x1b 0x5b 0x43",
      "Action" : 11
    },
    "0xf700-0x240000" : {
      "Text" : "[1;5A",
      "Action" : 10
    },
    "0xf707-0x20000" : {
      "Text" : "[1;2S",
      "Action" : 10
    },
    "0xf70a-0x20000" : {
      "Text" : "[18;2~",
      "Action" : 10
    },
    "0x35-0x40000" : {
      "Text" : "0x1d",
      "Action" : 11
    },
    "0xf70f-0x20000" : {
      "Text" : "[24;2~",
      "Action" : 10
    },
    "0xf703-0x240000" : {
      "Text" : "[1;5C",
      "Action" : 10
    },
    "0xf701-0x260000" : {
      "Text" : "[1;6B",
      "Action" : 10
    },
    "0xf702-0x280000" : {
      "Text" : "0x1b 0x1b 0x5b 0x44",
      "Action" : 11
    },
    "0xf72b-0x20000" : {
      "Text" : "[1;2F",
      "Action" : 10
    },
    "0x36-0x40000" : {
      "Text" : "0x1e",
      "Action" : 11
    },
    "0xf708-0x20000" : {
      "Text" : "[15;2~",
      "Action" : 10
    },
    "0xf701-0x220000" : {
      "Text" : "[1;2B",
      "Action" : 10
    },
    "0xf70b-0x20000" : {
      "Text" : "[19;2~",
      "Action" : 10
    },
    "0xf702-0x240000" : {
      "Text" : "[1;5D",
      "Action" : 10
    },
    "0xf704-0x20000" : {
      "Text" : "[1;2P",
      "Action" : 10
    }
  },
  "Window Type" : 0,
  "Blur Radius" : 30,
  "Background Image Location" : "",
  "Blur" : true,
  "Badge Color" : {
    "Red Component" : 0.738189697265625,
    "Color Space" : "sRGB",
    "Blue Component" : 0.15727756917476654,
    "Alpha Component" : 0.5,
    "Green Component" : 0.15727756917476654
  },
  "Initial Text" : "",
  "Scrollback Lines" : 1000,